楽天証券 | ネット証券（株・FX・投資信託・確定拠出年金・NISA）,https://www.rakuten-sec.co.jp/
証券 - Wikipedia,https://ja.wikipedia.org/wiki/%25E8%25A8%25BC%25E5%2588%25B8
証券会社って何をする会社なの？ | 簡単？難しい？株知識 | man@bow ...,https://manabow.com/stock/chapter8/1.html
はじめての投資 | 松井証券,https://www.matsui.co.jp/study/
SBI証券｜株・FX・投資信託・確定拠出年金・NISA,https://www.sbisec.co.jp/
口座開設 - SBI証券 スマートフォンサイト｜―口座開設ページ：ネット証券 ...,https://s.sbisec.co.jp/smweb/mainbase/accountIntroduce.do%3F
ログイン／マネックス証券,https://mst.monex.co.jp/pc/ITS/login/LoginIDPassword.jsp
大和証券 | コンサルティングとネット取引の大和証券,https://www.daiwa.jp/
オンライントレード | 大和証券,https://www.daiwa.jp/onlinetrade/
株のことならネット証券会社【カブドットコム】,https://kabu.com/
株のことならネット証券会社【カブドットコム】,https://kabu.com/sp/
証券モニタリング概要・事例集：証券取引等監視委員会 - 中 - 金融庁,https://www.fsa.go.jp/sesc/kensa/shitekijirei.htm
有価証券報告書 ｜ 株主・投資家情報 ｜ AGC,https://www.agc.com/ir/library/yu_report/index.html
【株式・投資信託】ログイン | 岡三オンライン証券株式会社,https://www.okasan-online.co.jp/login/jp/
お取引口座確認（ログイン） | 大和証券,https://www.daiwa.co.jp/PCC/HomeTrade/Account/m8301.html
オンライントレードサービス「みずほ証券ネット倶楽部」 | みずほ証券,https://www.mizuho-sc.com/service/online/index.html
ログイン・サインイン｜内藤証券,https://www.naito-sec.co.jp/login/index.aspx
ゆたかな未来へ あなたとともに 証券ジャパン,http://www.secjp.co.jp/
｜フィデリティ証券,https://www.fidelity.jp/secure/cash
